question,answer
Who predicts that AI will play a growing role in unlocking the value in enterprise data?,"Gerrit Kazmaier, Google Cloud’s lead executive for data analytics."
How does AI help in data analysis?,"It bridges structured and unstructured data, enabling faster and more comprehensive analysis."
What is Google Cloud's approach to integrating AI into its analytics tools?,"It integrates BigQuery with Vertex AI, facilitates data to AI workflows, and enhances Looker and Looker Studio."
What potential does generative AI offer in business intelligence?,"It allows natural language interaction with data, aiding non-specialists in accessing and interpreting information."
How does AI address the challenge of dealing with unstructured data?,"AI systems, like generative AI, enable flexible and efficient extraction of insights from unstructured data sources."
"Who passed away on February 16, 2024?",Ralph L. Spellman.
What was Ralph Spellman's occupation after his retirement from the mortuary business?,Selling promotional products.
When were funeral services held for Ralph Spellman?,"Wednesday, February 21, at Saint John’s Lutheran Church in Yuma, Colorado."
What prompted an El Paso police officer to fire at a suspect?,The suspect allegedly threw a large rock at the officer during a trespassing incident.
What charges were filed against Efrain Rivera III and Dominick Giangrossi?,"Rivera faced aggravated assault charges, while Giangrossi faced charges of criminal mischief and resisting arrest."
How many counts of aggravated assault were Rivera charged with?,Rivera was charged with two counts of aggravated assault against a public servant.
Where is the ongoing PUNCH's 50th anniversary photo exhibition taking place?,"The exhibition is being held at Alliance Francaise de Lagos/Mike Adenuga Centre in Ikoyi, Lagos."
What is the significance of the exhibited photographs?,"The exhibited photographs showcase PUNCH's history and Nigeria's narrative, evoking nostalgia and admiration for PUNCH's journalism."
Who are some notable personalities that visited the photo exhibition on Thursday?,"Notable visitors included former editors, policy analysts, and business executives, who praised PUNCH's journalistic legacy reflected in the photographs."
What dividend did ADIB shareholders approve for 2023?,"A dividend of 71 fils per share, totaling AED 2.595 billion."
What was ADIB's return on equity (ROE) in 2023?,ADIB achieved a record ROE of 27.1% in 2023.
What factors contributed to ADIB's financial success in 2023?,"Increased transaction volumes, improved margins, and digital initiatives contributed to ADIB's financial success."
"What happened to a barn in Paris, Maine?",The barn was destroyed by fire.
Which departments assisted the Paris Fire Department?,"Norway, West Paris, Oxford, Hebron, and Buckfield fire departments assisted."
What caused road closure on Hebron Road?,A vehicle accident just south of the scene caused the closure.
Why was Susanna Reid criticized on Good Morning Britain?,Susanna Reid faced backlash for defending Prince Harry's security appeal and discussing Prince William's absence from an event during the show's debate segment.
How did Susanna Reid respond to the viewer's criticism?,Susanna Reid responded by reposting the comment as an example of diverse opinions on social media.
What topic sparked backlash towards Susanna Reid?,Her discussion on Prince Harry's security and Prince William's absence from an event sparked mixed reactions among viewers.
What is the name of the remote learning program aimed at preschoolers in crisis situations?,"Ahlan Simsim, meaning Welcome Sesame in Arabic."
What is unique about the content of the Ahlan Simsim program for children affected by conflict?,"It addresses trauma delicately and excludes topics like nutrition and boats, considering the children's experiences."
How did families in crisis areas overcome internet and device obstacles for remote learning?,"Families borrowed devices, sought rooftop internet access, and showed strong commitment to their children's education."
"According to NYU researchers, how much progress did children in the program make compared to traditional preschool?",An 11-week program showed nearly a year's worth of learning and social-emotional progress.
What lesson can be learned from the success of remote preschool learning in crisis zones?,"Full-family engagement and active participation are key, though remote learning is not ideal for all situations."
"Which tech giant leads in remote work opportunities, with nearly 1,300 global positions available, including up to 100% work-from-home flexibility?","Microsoft, offering a plethora of remote roles spanning software engineering, sales, marketing, and support functions."
"How many remote positions does Salesforce offer in March 2024, and which roles are predominantly featured?","Salesforce boasts over 150 remote jobs this March, with a focus on software engineering, development, and sales roles."
"Despite advocating for office returns, which tech giant still provides over 75 remote job opportunities in March?","Google continues to offer remote positions, particularly within its Cloud division, despite its stance on office returns."
"What sets Intuit apart as a remote-friendly employer, and how many remote positions are available?","Intuit scores 88/100 in flexibility ratings and offers virtual internships, with fewer overall opportunities but genuine commitment to remote work."
"How many remote vacancies does CVS Health have, and in which departments are these roles predominantly found?","CVS Health lists nearly 400 remote jobs across various departments like government relations, technology, clinical services, and administration."
"What percentage of UnitedHealth Group's workforce works remotely, and how many remote job openings are available?","UnitedHealth Group boasts over 25% remote workers, with more than 400 remote positions advertised across healthcare-specific and general roles."
"Despite its return-to-office stance, how many remote job opportunities does Amazon offer in March?","Amazon provides over 70 remote positions in March, predominantly seeking candidates with technical expertise."
Which unexpected entrant in remote work opportunities targets individuals seeking entry-level roles?,"Williams-Sonoma, known for luxury goods, now offers remote positions, including part-time opportunities, ideal for entry-level candidates."
What benefits of remote work are highlighted in the article?,"Remote work offers cost and time savings from commuting, along with opportunities for better work-life balance and increased job satisfaction."
Which specific roles are prominently featured in Microsoft's remote job listings for March?,"Microsoft emphasizes roles like Principal Content Manager, Software Engineer, and Technical Support Engineer for remote work opportunities."
Who was apprehended by Hungarian authorities in Debrecen?,"A Swiss national with convictions for blackmail, robbery, theft, and drug trafficking."
What sentence did the apprehended individual receive?,He was sentenced to over five and a half years in prison.
When did the arrest take place?,"The arrest occurred on February 20, 2024."
What did AKAS' analysis reveal about AI news coverage in 2023?,Five male figures were quoted eight times more than 42 women AI experts.
How does generative AI perpetuate biases?,"Generative AI amplifies societal biases through biased datasets, programmer perspectives, and user interactions."
What term does Joy Buolamwini use to describe biases in AI?,The coded gaze reflects biases of coders and erases underrepresented voices.
What challenge do regulators and journalists face regarding AI transparency?,Lack of transparency in AI models hinders algorithmic audits and bias mitigation efforts.
What gender disparities exist in tech news and AI coverage?,"Fewer women are tech news editors, featured as experts, or portrayed based on expertise rather than identity."
"Who was granted bail in the domestic help torture case, and what's their relation to E. Karunanithi?","Anto Mathivanan and Marlena Anne, son and daughter-in-law of DMK MLA E. Karunanithi, were granted bail."
"What condition did the High Court impose for granting bail, and for how long?",They must report to the investigating officer daily for two weeks as a condition for bail.
"What significant items were recovered from the accused, and what did the victim petition for?",The victim's educational certificates were found; she petitioned for their return to pursue higher education.
"How did the couple reportedly hire the domestic help, and at what salary?","They engaged the help through a manpower agency, offering a monthly salary of ₹16,000."
"Under what legal provisions were the couple booked, and who conducted the investigation?","The couple faced charges under the Indian Penal Code and the Scheduled Castes and Scheduled Tribes (Prevention of Atrocities) Act, 1989. The investigation was conducted by an Assistant Commissioner of Police."
What happened in Pennsylvania involving Norfolk Southern trains?,Multiple trains collided and derailed along a riverbank in Lower Saucon Township.
Were there any hazardous materials spilled in the incident?,"No hazardous substances spilled into the river, and no evacuations were ordered."
How many trains were involved in the collision and derailment?,At least three Norfolk Southern trains were involved in the incident.
What did Norfolk Southern say about the response to the derailment?,Norfolk Southern appreciated the quick response by local agencies and is assessing cleanup with first responders.
What caused the derailment according to the National Transportation Safety Board?,"An eastbound train collided with a stationary train on the same track, causing wreckage that was hit by a westbound train."
What is CUET 2024?,CUET 2024 is the Common University Entrance Test for admission into undergraduate programs in central universities and other participating institutes.
When is the deadline to submit the CUET application?,The deadline for submission of the online application form is 26 March 2024.
How many languages is the CUET exam offered in?,"The CUET exam is offered in 13 languages, including English, Hindi, and Urdu."
What is the duration of most test papers in CUET?,"Most test papers in CUET have a duration of 45 minutes, except for certain subjects which are 60 minutes."
How can candidates contact for queries regarding CUET?,Candidates can contact 011-40759000/011-69227700 or email cuet-ug@nta.ac.in for queries regarding CUET.
What is the amount involved in the Al-Qadir Trust case?,£190 million.
Who signed the National Crime Agency confidentiality deed?,Shahzad Akbar.
When did the meeting between Imran Khan and the tycoon take place?,"July 11, 2019."
Who helped Imran Khan by signing documents as trustee?,Bushra Bibi.
What was the purpose of the meeting between Imran Khan and the tycoon?,Before the settlement of £190 million.
Who was named a National Association of Latino Arts and Cultures 2024 Advocacy Leadership Fellow?,Marisol Encinias.
What role does Marisol Encinias hold at the National Institute of Flamenco?,Executive Director.
What is Marisol Encinias's area of interest as an artist and scholar?,Community work in the arts.
What organization chose Marisol Encinias as a fellow?,National Association of Latino Arts and Cultures (NALAC).
What is Marisol Encinias excited about regarding the fellowship?,Learning and bringing back valuable insights.
What is Festival Flamenco Alburquerque?,A flamenco dance festival.
What does Marisol Encinias hope to improve with the fellowship?,Education and community balance.
What is the focus of the 2024 NALAC fellowship program?,"Advocacy, legislation, and policy efforts."
Where will the fellows meet following the virtual program?,"Washington, D.C."
What invitation does Marisol Encinias extend to the community?,To attend the 37th Annual Festival Alburquerque at UNM.
Why did Chief Justice Martha Koome invite the Law Society of Kenya for a meeting?,To discuss the petition filed by the bar association against the rollout of Judiciary Desks at Huduma Centers.
What services would be provided at the Judiciary Desks in Huduma Centers?,"Filing civil cases, documents, requests for summons, case inquiries, e-filing support, and more."
Why did the Law Society of Kenya oppose the activation of Judiciary Desks?,"Lack of stakeholder consultation, potential for abuse, and concerns about unethical practices."
What action did the LSK advise its members to take regarding the Judiciary Desks?,Boycott provision of court services and attendance to matters in court on March 11.
What is the purpose of Norway Savings Bank's donation to SAD 17?,"Norway Savings Bank donated $10,000 to fund student field trips, enriching educational experiences across New England."
How much has Norway Savings Bank contributed to SAD 17 in total?,"Over 15 months, Norway Savings Bank has contributed over $40,000 to enrich student experiences in SAD 17."
Which mascot inspired the Viking FUNds program?,"Viking FUNds, named after Oxford Hills' mascot, supports student field trips in the region."
Which schools have benefited from Viking FUNds?,"Schools in Norway, Oxford, West Paris, South Paris, Otisfield, Harrison, Hebron, and Waterford have benefited."
"How has Viking FUNds impacted students, according to Otisfield Community School's principal?","The donation broadened students' horizons and provided experiences they wouldn't have otherwise had, said Otisfield's principal."
 What promise did Chief Justice Martha Koome make to facilitate dialogue with the LSK?,Structured quarterly meetings between the Judiciary Leadership Team and the LSK.
